"game_id","play_number","desc","qtr","time","down","ydstogo","yardline_100","play_type","yards_gained","posteam","defteam","score_differential","home_wp","away_wp","win_prob_change","wpa","home_team","away_team","week","game_date","season_type","home_timeouts_remaining","away_timeouts_remaining"
"2024_18_BUF_NE",1,"GAME",1,"15:00",NA,0,NA,NA,NA,NA,NA,NA,0.546261787414551,0.453738212585449,0,0,"NE","BUF",18,"2025-01-05","REG",3,3
"2024_18_BUF_NE",2,"2-T.Bass kicks 65 yards from BUF 35 to end zone, Touchback to the NE 30.",1,"15:00",NA,0,35,"kickoff",0,"NE","BUF",0,0.546261787414551,0.453738212585449,0,0.0062263011932373,"NE","BUF",18,"2025-01-05","REG",3,3
"2024_18_BUF_NE",3,"(15:00) 70-C.Wallace reported in as eligible. 4-A.Gibson right guard to NE 32 for 2 yards (5-K.Elam).",1,"15:00",1,10,70,"run",2,"NE","BUF",0,0.552488088607788,0.447511911392212,0.0062263011932373,-0.0120475888252258,"NE","BUF",18,"2025-01-05","REG",3,3
"2024_18_BUF_NE",4,"(14:27) (Shotgun) PENALTY on NE-64-L.Robinson, False Start, 5 yards, enforced at NE 32 - No Play.",1,"14:27",2,8,68,"no_play",0,"NE","BUF",0,0.540440499782562,0.459559500217438,-0.0120475888252258,-0.0205535292625427,"NE","BUF",18,"2025-01-05","REG",3,3
"2024_18_BUF_NE",5,"(14:11) (Shotgun) 10-D.Maye pass incomplete short right to 81-A.Hooper.",1,"14:11",2,13,73,"pass",0,"NE","BUF",0,0.51988697052002,0.48011302947998,-0.0205535292625427,-0.0297285914421082,"NE","BUF",18,"2025-01-05","REG",3,3
"2024_18_BUF_NE",6,"(14:08) (Shotgun) 10-D.Maye sacked at NE 18 for -9 yards (40-V.Miller).",1,"14:08",3,13,73,"pass",-9,"NE","BUF",0,0.490158379077911,0.509841620922089,-0.0297285914421082,-0.0358471572399139,"NE","BUF",18,"2025-01-05","REG",3,3
"2024_18_BUF_NE",7,"(13:36) 17-B.Baringer punts 36 yards to BUF 46, Center-49-J.Cardona, downed by NE-53-C.Elliss.",1,"13:36",4,22,82,"punt",0,"NE","BUF",0,0.454311221837997,0.545688778162003,-0.0358471572399139,0.0156957805156708,"NE","BUF",18,"2025-01-05","REG",3,3
"2024_18_BUF_NE",8,"(13:25) (Shotgun) 4-J.Cook left guard to 50 for 4 yards (92-D.Godchaux, 91-D.Wise).",1,"13:25",1,10,54,"run",4,"BUF","NE",0,0.470007002353668,0.529992997646332,0.0156957805156708,0.00730639696121216,"NE","BUF",18,"2025-01-05","REG",3,3
"2024_18_BUF_NE",9,"(12:51) BUF 11-M.Trubisky in at QB. (Shotgun) 11-M.Trubisky pass short left to 1-C.Samuel to NE 45 for 5 yards (15-M.Mapu).",1,"12:51",2,6,50,"pass",5,"BUF","NE",0,0.462700605392456,0.537299394607544,-0.00730639696121216,-0.010794997215271,"NE","BUF",18,"2025-01-05","REG",3,3
"2024_18_BUF_NE",10,"(12:32) (No Huddle) 11-M.Trubisky up the middle to NE 45 for no gain (33-A.Jennings; 91-D.Wise).",1,"12:32",3,1,45,"run",0,"BUF","NE",0,0.473495602607727,0.526504397392273,0.010794997215271,-0.0395226180553436,"NE","BUF",18,"2025-01-05","REG",3,3
"2024_18_BUF_NE",11,"(11:50) 11-M.Trubisky FUMBLES (Aborted) at NE 45, and recovers at NE 45. 11-M.Trubisky to NE 45 for no gain (91-D.Wise).",1,"11:50",4,1,45,"run",0,"BUF","NE",0,0.513018220663071,0.486981779336929,0.0395226180553436,-0.0669582188129425,"NE","BUF",18,"2025-01-05","REG",3,3
"2024_18_BUF_NE",12,"(11:43) NE 19-J.Milton in at QB. 19-J.Milton pass short right to 3-D.Douglas ran ob at BUF 43 for 12 yards (31-R.Douglas).",1,"11:43",1,10,55,"pass",12,"NE","BUF",0,0.579976439476013,0.420023560523987,0.0669582188129425,0.00447022914886475,"NE","BUF",18,"2025-01-05","REG",3,3
"2024_18_BUF_NE",13,"(11:08) 4-A.Gibson right tackle to BUF 39 for 4 yards (9-T.Rapp).",1,"11:08",1,10,43,"run",4,"NE","BUF",0,0.584446668624878,0.415553331375122,0.00447022914886475,0.018778920173645,"NE","BUF",18,"2025-01-05","REG",3,3
"2024_18_BUF_NE",14,"(10:34) (Shotgun) 19-J.Milton pass short middle to 4-A.Gibson to BUF 35 for 4 yards (48-E.Ulofoshio, 44-J.Andreessen).",1,"10:34",2,6,39,"pass",4,"NE","BUF",0,0.603225588798523,0.396774411201477,0.018778920173645,0.00735419988632202,"NE","BUF",18,"2025-01-05","REG",3,3
"2024_18_BUF_NE",15,"(9:52) (Shotgun) 19-J.Milton pass short right to 3-D.Douglas pushed ob at BUF 28 for 7 yards (3-D.Hamlin).",1,"09:52",3,2,35,"pass",7,"NE","BUF",0,0.610579788684845,0.389420211315155,0.00735419988632202,0.036140501499176,"NE","BUF",18,"2025-01-05","REG",3,3
"2024_18_BUF_NE",16,"(9:15) 4-A.Gibson right end to BUF 30 for -2 yards (56-J.Solomon, 90-D.Carter).",1,"09:15",1,10,28,"run",-2,"NE","BUF",0,0.646720290184021,0.353279709815979,0.036140501499176,-0.0355340838432312,"NE","BUF",18,"2025-01-05","REG",3,3
"2024_18_BUF_NE",17,"(8:42) (Shotgun) 4-A.Gibson up the middle to BUF 32 for -2 yards (71-Q.Jefferson, 56-J.Solomon).",1,"08:42",2,12,30,"run",-2,"NE","BUF",0,0.61118620634079,0.38881379365921,-0.0355340838432312,-0.0359225273132324,"NE","BUF",18,"2025-01-05","REG",3,3
"2024_18_BUF_NE",18,"(8:03) (Shotgun) 19-J.Milton pass short left to 9-K.Boutte to BUF 19 for 13 yards (5-K.Elam).",1,"08:03",3,14,32,"pass",13,"NE","BUF",0,0.575263679027557,0.424736320972443,-0.0359225273132324,0.0253614187240601,"NE","BUF",18,"2025-01-05","REG",3,3
"2024_18_BUF_NE",19,"(7:35) (No Huddle) 19-J.Milton up the middle to BUF 18 for 1 yard (90-D.Carter).",1,"07:35",4,1,19,"run",1,"NE","BUF",0,0.600625097751617,0.399374902248383,0.0253614187240601,0.0591076016426086,"NE","BUF",18,"2025-01-05","REG",3,3
"2024_18_BUF_NE",20,"(6:52) (Shotgun) 4-A.Gibson up the middle to BUF 17 for 1 yard (56-J.Solomon; 46-J.Ingram).",1,"06:52",1,10,18,"run",1,"NE","BUF",0,0.659732699394226,0.340267300605774,0.0591076016426086,-0.0114951729774475,"NE","BUF",18,"2025-01-05","REG",3,3
"2024_18_BUF_NE",21,"(6:22) (Shotgun) 19-J.Milton pass short right to 81-A.Hooper to BUF 13 for 4 yards (48-E.Ulofoshio).",1,"06:22",2,9,17,"pass",4,"NE","BUF",0,0.648237526416779,0.351762473583221,-0.0114951729774475,-0.00565803050994873,"NE","BUF",18,"2025-01-05","REG",3,3
"2024_18_BUF_NE",22,"(5:41) (Shotgun) 19-J.Milton pass short left to 4-A.Gibson to BUF 1 for 12 yards (48-E.Ulofoshio; 3-D.Hamlin).",1,"05:41",3,5,13,"pass",12,"NE","BUF",0,0.64257949590683,0.35742050409317,-0.00565803050994873,0.0643791556358337,"NE","BUF",18,"2025-01-05","REG",3,3
"2024_18_BUF_NE",23,"(5:06) (No Huddle) 19-J.Milton up the middle to BUF 1 for no gain (56-J.Solomon).",1,"05:06",1,1,1,"run",0,"NE","BUF",0,0.706958651542664,0.293041348457336,0.0643791556358337,-0.00693303346633911,"NE","BUF",18,"2025-01-05","REG",3,3
"2024_18_BUF_NE",24,"(4:28) (Shotgun) 19-J.Milton left end for 1 yard, TOUCHDOWN. 19-J.Milton 1st NFL TD.",1,"04:28",2,1,1,"run",1,"NE","BUF",0,0.700025618076324,0.299974381923676,-0.00693303346633911,-0.00398440997548666,"NE","BUF",18,"2025-01-05","REG",3,3
"2024_18_BUF_NE",25,"13-J.Slye extra point is GOOD, Center-49-J.Cardona, Holder-17-B.Baringer.",1,"04:25",NA,0,15,"extra_point",0,"NE","BUF",6,0.696041208100838,0.303958791899162,-0.00398440997548666,0.00178440253682699,"NE","BUF",18,"2025-01-05","REG",3,3
"2024_18_BUF_NE",26,"13-J.Slye kicks 61 yards from NE 35 to BUF 4. 26-Ty.Johnson to BUF 25 for 21 yards (97-T.Leo).",1,"04:25",NA,0,35,"kickoff",0,"BUF","NE",-7,0.697825610637665,0.302174389362335,0.00178440253682699,0,"NE","BUF",18,"2025-01-05","REG",3,3
"2024_18_BUF_NE",27,"(4:19) (Shotgun) 0-K.Coleman left end to BUF 34 for 9 yards (53-C.Elliss). ** Injury Update: NE-15-M.Mapu has returned to the game.",1,"04:19",1,10,75,"run",9,"BUF","NE",-7,0.697825610637665,0.302174389362335,0,0.0154179632663727,"NE","BUF",18,"2025-01-05","REG",3,3
"2024_18_BUF_NE",28,"(3:58) (No Huddle, Shotgun) 4-J.Cook up the middle to BUF 40 for 6 yards (92-D.Godchaux).",1,"03:58",2,1,66,"run",6,"BUF","NE",-7,0.682407647371292,0.317592352628708,-0.0154179632663727,0.00942420959472656,"NE","BUF",18,"2025-01-05","REG",3,3
"2024_18_BUF_NE",29,"(3:22) (Shotgun) 4-J.Cook up the middle to BUF 45 for 5 yards (99-K.White).",1,"03:22",1,10,60,"run",5,"BUF","NE",-7,0.672983437776566,0.327016562223434,-0.00942420959472656,-0.00361946225166321,"NE","BUF",18,"2025-01-05","REG",3,3
"2024_18_BUF_NE",30,"(2:45) (Shotgun) 11-M.Trubisky pass short left to 13-M.Hollins to NE 44 for 11 yards (27-M.Dial).",1,"02:45",2,5,55,"pass",11,"BUF","NE",-7,0.676602900028229,0.323397099971771,0.00361946225166321,0.0124352276325226,"NE","BUF",18,"2025-01-05","REG",3,3
"2024_18_BUF_NE",31,"(2:07) (Shotgun) 4-J.Cook left guard to NE 41 for 3 yards (96-E.Johnson; 92-D.Godchaux).",1,"02:07",1,10,44,"run",3,"BUF","NE",-7,0.664167672395706,0.335832327604294,-0.0124352276325226,-0.011722058057785,"NE","BUF",18,"2025-01-05","REG",3,3
"2024_18_BUF_NE",32,"(1:25) (Shotgun) 11-M.Trubisky pass short middle to 13-M.Hollins to NE 28 for 13 yards (53-C.Elliss). PENALTY on NE-91-D.Wise, Roughing the Passer, 14 yards, enforced at NE 28.",1,"01:25",2,7,41,"pass",13,"BUF","NE",-7,0.675889730453491,0.324110269546509,0.011722058057785,0.0603022575378418,"NE","BUF",18,"2025-01-05","REG",3,3
"2024_18_BUF_NE",33,"(1:10) 4-J.Cook right tackle to NE 7 for 7 yards (98-J.Pharms).",1,"01:10",1,10,14,"run",7,"BUF","NE",-7,0.615587472915649,0.384412527084351,-0.0603022575378418,0.000487774610519409,"NE","BUF",18,"2025-01-05","REG",3,3
"2024_18_BUF_NE",34,"(:28) (Shotgun) 4-J.Cook right guard to NE 5 for 2 yards (96-E.Johnson; 98-J.Pharms).",1,"00:28",2,3,7,"run",2,"BUF","NE",-7,0.61509969830513,0.38490030169487,-0.000487774610519409,-0.0117923319339752,"NE","BUF",18,"2025-01-05","REG",3,3
"2024_18_BUF_NE",35,"END QUARTER 1",1,"00:00",NA,0,NA,NA,NA,"BUF","NE",-7,0.626892030239105,0.373107969760895,0.0117923319339752,0,"NE","BUF",18,"2025-01-05","REG",3,3
"2024_18_BUF_NE",36,"(15:00) 41-R.Gilliam up the middle to NE 1 for 4 yards (48-J.Tavai; 15-M.Mapu).",2,"15:00",3,1,5,"run",4,"BUF","NE",-7,0.626892030239105,0.373107969760895,0,0.0485804378986359,"NE","BUF",18,"2025-01-05","REG",3,3
"2024_18_BUF_NE",37,"(14:18) 4-J.Cook right tackle to NE 4 for -3 yards (33-A.Jennings, 53-C.Elliss).",2,"14:18",1,1,1,"run",-3,"BUF","NE",-7,0.578311592340469,0.421688407659531,-0.0485804378986359,-0.0368424355983734,"NE","BUF",18,"2025-01-05","REG",3,3
"2024_18_BUF_NE",38,"(13:38) (Shotgun) 4-J.Cook up the middle to NE 3 for 1 yard (33-A.Jennings).",2,"13:38",2,4,4,"run",1,"BUF","NE",-7,0.615154027938843,0.384845972061157,0.0368424355983734,-0.0170243978500366,"NE","BUF",18,"2025-01-05","REG",3,3
"2024_18_BUF_NE",39,"(12:58) 11-M.Trubisky pass short left to 13-M.Hollins to NE 2 for 1 yard (27-M.Dial).",2,"12:58",3,3,3,"pass",1,"BUF","NE",-7,0.632178425788879,0.367821574211121,0.0170243978500366,-0.0361570119857788,"NE","BUF",18,"2025-01-05","REG",3,3
"2024_18_BUF_NE",40,"(12:14) 11-M.Trubisky pass short right to 22-R.Davis for 2 yards, TOUCHDOWN.",2,"12:14",4,2,2,"pass",2,"BUF","NE",-7,0.668335437774658,0.331664562225342,0.0361570119857788,0.125455197413043,"NE","BUF",18,"2025-01-05","REG",3,3
"2024_18_BUF_NE",41,"2-T.Bass extra point is GOOD, Center-69-R.Ferguson, Holder-8-S.Martin.",2,"12:09",NA,0,15,"extra_point",0,"BUF","NE",-1,0.542880240361615,0.457119759638385,-0.125455197413043,0.00422609178297118,"NE","BUF",18,"2025-01-05","REG",3,3
"2024_18_BUF_NE",42,"2-T.Bass kicks 65 yards from BUF 35 to end zone, Touchback to the NE 30.",2,"12:09",NA,0,35,"kickoff",0,"NE","BUF",0,0.538654148578644,0.461345851421356,-0.00422609178297118,0.00624382495880127,"NE","BUF",18,"2025-01-05","REG",3,3
"2024_18_BUF_NE",43,"(12:09) 4-A.Gibson right end to NE 27 for -3 yards (46-J.Ingram).",2,"12:09",1,10,70,"run",-3,"NE","BUF",0,0.544897973537445,0.455102026462555,0.00624382495880127,-0.036166250705719,"NE","BUF",18,"2025-01-05","REG",3,3
"2024_18_BUF_NE",44,"(11:35) (Shotgun) 19-J.Milton pass short right to 84-K.Bourne to NE 36 for 9 yards (44-J.Andreessen; 99-C.Toohill) [56-J.Solomon].",2,"11:35",2,13,73,"pass",9,"NE","BUF",0,0.508731722831726,0.491268277168274,-0.036166250705719,0.0228338241577148,"NE","BUF",18,"2025-01-05","REG",3,3
"2024_18_BUF_NE",45,"(10:48) (Shotgun) PENALTY on NE-59-V.Lowe, False Start, 5 yards, enforced at NE 36 - No Play.",2,"10:48",3,4,64,"no_play",0,"NE","BUF",0,0.531565546989441,0.468434453010559,0.0228338241577148,-0.0317782461643219,"NE","BUF",18,"2025-01-05","REG",3,3
"2024_18_BUF_NE",46,"(10:29) (Shotgun) 19-J.Milton pass short left to 9-K.Boutte to NE 45 for 14 yards (46-J.Ingram).",2,"10:29",3,9,69,"pass",14,"NE","BUF",0,0.499787300825119,0.500212699174881,-0.0317782461643219,0.072704404592514,"NE","BUF",18,"2025-01-05","REG",3,3
"2024_18_BUF_NE",47,"(9:57) (Shotgun) 26-T.Jennings up the middle to BUF 48 for 7 yards (9-T.Rapp, 99-C.Toohill).",2,"09:57",1,10,55,"run",7,"NE","BUF",0,0.572491705417633,0.427508294582367,0.072704404592514,0.00590050220489502,"NE","BUF",18,"2025-01-05","REG",3,3
"2024_18_BUF_NE",48,"(9:22) (Shotgun) 19-J.Milton pass deep middle to 9-K.Boutte for 48 yards, TOUCHDOWN. NE 19-Milton 1st NFL TD pass.",2,"09:22",2,3,48,"pass",48,"NE","BUF",0,0.578392207622528,0.421607792377472,0.00590050220489502,0.123563522557804,"NE","BUF",18,"2025-01-05","REG",3,3
"2024_18_BUF_NE",49,"13-J.Slye extra point is GOOD, Center-49-J.Cardona, Holder-17-B.Baringer.",2,"09:10",NA,0,15,"extra_point",0,"NE","BUF",6,0.701955730180332,0.298044269819668,0.123563522557804,0.00176567389529025,"NE","BUF",18,"2025-01-05","REG",3,3
"2024_18_BUF_NE",50,"13-J.Slye kicks 65 yards from NE 35 to end zone, Touchback to the BUF 30.",2,"09:10",NA,0,35,"kickoff",0,"BUF","NE",-7,0.703721404075623,0.296278595924377,0.00176567389529025,0.00596979260444641,"NE","BUF",18,"2025-01-05","REG",3,3
"2024_18_BUF_NE",51,"(9:10) 22-R.Davis left tackle to BUF 36 for 6 yards (21-J.Hawkins; 48-J.Tavai).",2,"09:10",1,10,70,"run",6,"BUF","NE",-7,0.697751611471176,0.302248388528824,-0.00596979260444641,0.00926265120506287,"NE","BUF",18,"2025-01-05","REG",3,3
"2024_18_BUF_NE",52,"(8:32) 22-R.Davis right end to BUF 44 for 8 yards (29-I.Bolden).",2,"08:32",2,4,64,"run",8,"BUF","NE",-7,0.688488960266113,0.311511039733887,-0.00926265120506287,0.0252626240253448,"NE","BUF",18,"2025-01-05","REG",3,3
"2024_18_BUF_NE",53,"(7:51) (Shotgun) 11-M.Trubisky pass short left to 22-R.Davis to BUF 43 for -1 yards (28-A.Austin).",2,"07:51",1,10,56,"pass",-1,"BUF","NE",-7,0.663226336240768,0.336773663759232,-0.0252626240253448,-0.0245735645294189,"NE","BUF",18,"2025-01-05","REG",3,3
"2024_18_BUF_NE",54,"(7:09) 22-R.Davis right end to NE 34 for 23 yards (29-I.Bolden).",2,"07:09",2,11,57,"run",23,"BUF","NE",-7,0.687799900770187,0.312200099229813,0.0245735645294189,0.0484699904918671,"NE","BUF",18,"2025-01-05","REG",3,3
"2024_18_BUF_NE",55,"(6:35) 26-Ty.Johnson left tackle to NE 31 for 3 yards (48-J.Tavai). PENALTY on BUF-68-T.Grable, Offensive Holding, 10 yards, enforced at NE 34 - No Play.",2,"06:35",1,10,34,"no_play",0,"BUF","NE",-7,0.63932991027832,0.36067008972168,-0.0484699904918671,-0.0329836905002594,"NE","BUF",18,"2025-01-05","REG",3,3
"2024_18_BUF_NE",56,"(6:11) (Shotgun) 11-M.Trubisky pass short left to 1-C.Samuel to NE 38 for 6 yards (54-T.Jones).",2,"06:11",1,20,44,"pass",6,"BUF","NE",-7,0.67231360077858,0.32768639922142,0.0329836905002594,0.0028822124004364,"NE","BUF",18,"2025-01-05","REG",3,3
"2024_18_BUF_NE",57,"(5:32) (Shotgun) 11-M.Trubisky pass incomplete deep left to 0-K.Coleman.",2,"05:32",2,14,38,"pass",0,"BUF","NE",-7,0.669431388378143,0.330568611621857,-0.0028822124004364,-0.0270036160945892,"NE","BUF",18,"2025-01-05","REG",3,3
"2024_18_BUF_NE",58,"(5:26) (Shotgun) 11-M.Trubisky pass short right to 85-Q.Morris to NE 31 for 7 yards (24-D.Pettus).",2,"05:26",3,14,38,"pass",7,"BUF","NE",-7,0.696435004472733,0.303564995527267,0.0270036160945892,-0.00140774250030518,"NE","BUF",18,"2025-01-05","REG",3,3
"2024_18_BUF_NE",59,"(4:44) 2-T.Bass 49 yard field goal is GOOD, Center-69-R.Ferguson, Holder-8-S.Martin.",2,"04:44",4,7,31,"field_goal",0,"BUF","NE",-7,0.697842746973038,0.302157253026962,0.00140774250030518,0.0307085812091827,"NE","BUF",18,"2025-01-05","REG",3,3
"2024_18_BUF_NE",60,"2-T.Bass kicks 44 yards from BUF 35 to NE 21, short of landing zone. PENALTY on BUF-2-T.Bass, Kickoff Short of Landing Zone, placed at NE 40.",2,"04:39",NA,0,35,"kickoff",0,"NE","BUF",4,0.667134165763855,0.332865834236145,-0.0307085812091827,0.0307053923606873,"NE","BUF",18,"2025-01-05","REG",3,3
"2024_18_BUF_NE",61,"(4:39) (Shotgun) 4-A.Gibson left end pushed ob at NE 49 for 9 yards (42-Do.Williams).",2,"04:39",1,10,60,"run",9,"NE","BUF",4,0.697839558124542,0.302160441875458,0.0307053923606873,0.0323519706726074,"NE","BUF",18,"2025-01-05","REG",3,3
"2024_18_BUF_NE",62,"(4:07) (Shotgun) 19-J.Milton pass short left to 84-K.Bourne pushed ob at BUF 48 for 3 yards (5-K.Elam).",2,"04:07",2,1,51,"pass",3,"NE","BUF",4,0.73019152879715,0.26980847120285,0.0323519706726074,-0.011039674282074,"NE","BUF",18,"2025-01-05","REG",3,3
"2024_18_BUF_NE",63,"(3:35) (Shotgun) 19-J.Milton pass short middle to 81-A.Hooper to BUF 34 for 14 yards (9-T.Rapp, 42-Do.Williams).",2,"03:35",1,10,48,"pass",14,"NE","BUF",4,0.719151854515076,0.280848145484924,-0.011039674282074,0.0196658968925476,"NE","BUF",18,"2025-01-05","REG",3,3
"2024_18_BUF_NE",64,"(3:02) 4-A.Gibson left end to BUF 35 for -1 yards (90-D.Carter, 42-Do.Williams).",2,"03:02",1,10,34,"run",-1,"NE","BUF",4,0.738817751407623,0.261182248592377,0.0196658968925476,-0.0189608335494995,"NE","BUF",18,"2025-01-05","REG",3,3
"2024_18_BUF_NE",65,"(2:27) (Shotgun) 19-J.Milton pass incomplete short left.",2,"02:27",2,11,35,"pass",0,"NE","BUF",4,0.719856917858124,0.280143082141876,-0.0189608335494995,-0.0232338905334473,"NE","BUF",18,"2025-01-05","REG",3,3
"2024_18_BUF_NE",66,"(2:19) (Shotgun) PENALTY on NE-75-D.Jacobs, False Start, 5 yards, enforced at BUF 35 - No Play.",2,"02:19",3,11,35,"no_play",0,"NE","BUF",4,0.696623027324677,0.303376972675323,-0.0232338905334473,0,"NE","BUF",18,"2025-01-05","REG",3,3
"2024_18_BUF_NE",67,"(2:19) (Shotgun) 19-J.Milton pass short right to 4-A.Gibson to BUF 41 for -1 yards (48-E.Ulofoshio).",2,"02:19",3,16,40,"pass",-1,"NE","BUF",4,0.696623027324677,0.303376972675323,0,-0.0481524467468262,"NE","BUF",18,"2025-01-05","REG",3,3
"2024_18_BUF_NE",68,"(2:00) 17-B.Baringer punts 36 yards to BUF 5, Center-49-J.Cardona, downed by NE-27-M.Dial.",2,"02:00",4,17,41,"punt",0,"NE","BUF",4,0.64847058057785,0.35152941942215,-0.0481524467468262,0.0161007642745972,"NE","BUF",18,"2025-01-05","REG",3,3
"2024_18_BUF_NE",69,"(1:51) (Shotgun) 11-M.Trubisky pass incomplete short left to 0-K.Coleman.",2,"01:51",1,10,95,"pass",0,"BUF","NE",-4,0.664571344852448,0.335428655147552,0.0161007642745972,-0.0165321826934814,"NE","BUF",18,"2025-01-05","REG",3,3
"2024_18_BUF_NE",70,"(1:48) (Shotgun) 26-Ty.Johnson up the middle to BUF 18 for 13 yards (99-K.White, 53-C.Elliss).",2,"01:48",2,10,95,"run",13,"BUF","NE",-4,0.681103527545929,0.318896472454071,0.0165321826934814,0.0393346548080444,"NE","BUF",18,"2025-01-05","REG",3,3
"2024_18_BUF_NE",71,"(1:29) (No Huddle, Shotgun) 26-Ty.Johnson left end to BUF 18 for no gain (54-T.Jones).",2,"01:29",1,10,82,"run",0,"BUF","NE",-4,0.641768872737885,0.358231127262115,-0.0393346548080444,-0.0107001960277557,"NE","BUF",18,"2025-01-05","REG",3,3
"2024_18_BUF_NE",72,"(1:07) (No Huddle, Shotgun) 11-M.Trubisky pass short middle to 1-C.Samuel to BUF 27 for 9 yards (23-K.Dugger).",2,"01:07",2,10,82,"pass",9,"BUF","NE",-4,0.65246906876564,0.34753093123436,0.0107001960277557,0.0020042359828949,"NE","BUF",18,"2025-01-05","REG",3,3
"2024_18_BUF_NE",73,"Timeout #1 by BUF at 01:02.",2,"01:02",NA,0,NA,"no_play",0,NA,NA,NA,0.650464832782745,0.349535167217255,-0.0020042359828949,0,"NE","BUF",18,"2025-01-05","REG",3,2
"2024_18_BUF_NE",74,"(1:02) (Shotgun) 22-R.Davis right guard to BUF 29 for 2 yards (98-J.Pharms, 53-C.Elliss).",2,"01:02",3,1,73,"run",2,"BUF","NE",-4,0.650464832782745,0.349535167217255,0,0.019361674785614,"NE","BUF",18,"2025-01-05","REG",3,2
"2024_18_BUF_NE",75,"(:43) (No Huddle, Shotgun) 11-M.Trubisky pass short right to 0-K.Coleman to BUF 40 for 11 yards (27-M.Dial).",2,"00:43",1,10,71,"pass",11,"BUF","NE",-4,0.631103157997131,0.368896842002869,-0.019361674785614,0.022477924823761,"NE","BUF",18,"2025-01-05","REG",3,2
"2024_18_BUF_NE",76,"Timeout #2 by BUF at 00:36.",2,"00:36",NA,0,NA,"no_play",0,NA,NA,NA,0.60862523317337,0.39137476682663,-0.022477924823761,0,"NE","BUF",18,"2025-01-05","REG",3,1
"2024_18_BUF_NE",77,"(:36) (Shotgun) 11-M.Trubisky pass short left to 1-C.Samuel to BUF 47 for 7 yards (23-K.Dugger). PENALTY on BUF-41-R.Gilliam, Offensive Holding, 10 yards, enforced at BUF 44.",2,"00:36",1,10,60,"pass",4,"BUF","NE",-4,0.60862523317337,0.39137476682663,0,-0.0102355182170868,"NE","BUF",18,"2025-01-05","REG",3,1
"2024_18_BUF_NE",78,"(:31) (Shotgun) 11-M.Trubisky scrambles left end ran ob at BUF 42 for 8 yards (53-C.Elliss; 21-J.Hawkins).",2,"00:31",1,16,66,"run",8,"BUF","NE",-4,0.618860751390457,0.381139248609543,0.0102355182170868,-0.00413909554481506,"NE","BUF",18,"2025-01-05","REG",3,1
"2024_18_BUF_NE",79,"(:23) (Shotgun) 11-M.Trubisky pass short right to 26-Ty.Johnson to BUF 42 for no gain (24-D.Pettus).",2,"00:23",2,8,58,"pass",0,"BUF","NE",-4,0.622999846935272,0.377000153064728,0.00413909554481506,-0.0367452502250671,"NE","BUF",18,"2025-01-05","REG",3,1
"2024_18_BUF_NE",80,"Timeout #3 by BUF at 00:15.",2,"00:15",NA,0,NA,"no_play",0,NA,NA,NA,0.659745097160339,0.340254902839661,0.0367452502250671,0,"NE","BUF",18,"2025-01-05","REG",3,0
"2024_18_BUF_NE",81,"Timeout #1 by NE at 00:15.",2,"00:15",NA,0,NA,"no_play",0,NA,NA,NA,0.659745097160339,0.340254902839661,0,0,"NE","BUF",18,"2025-01-05","REG",2,0
"2024_18_BUF_NE",82,"(:15) (Shotgun) 11-M.Trubisky pass incomplete deep right to 26-Ty.Johnson (53-C.Elliss).",2,"00:15",3,8,58,"pass",0,"BUF","NE",-4,0.659745097160339,0.340254902839661,0,-0.0158733129501343,"NE","BUF",18,"2025-01-05","REG",2,0
"2024_18_BUF_NE",83,"(:09) 8-S.Martin punts 34 yards to NE 24, Center-69-R.Ferguson, downed by BUF-5-K.Elam.",2,"00:09",4,8,58,"punt",0,"BUF","NE",-4,0.675618410110474,0.324381589889526,0.0158733129501343,0.0186704695224762,"NE","BUF",18,"2025-01-05","REG",2,0
"2024_18_BUF_NE",84,"END QUARTER 2",2,"00:00",NA,0,NA,NA,NA,NA,NA,NA,0.656947940587997,0.343052059412003,-0.0186704695224762,0,"NE","BUF",18,"2025-01-05","REG",2,0
"2024_18_BUF_NE",85,"13-J.Slye kicks 65 yards from NE 35 to end zone, Touchback to the BUF 30.",3,"15:00",NA,0,35,"kickoff",0,"BUF","NE",-4,0.656947940587997,0.343052059412003,0,0.00031048059463501,"NE","BUF",18,"2025-01-05","REG",3,3
"2024_18_BUF_NE",86,"(15:00) (Shotgun) 22-R.Davis up the middle to BUF 32 for 2 yards (33-A.Jennings; 48-J.Tavai).",3,"15:00",1,10,70,"run",2,"BUF","NE",-4,0.656637459993362,0.343362540006638,-0.00031048059463501,-0.011933833360672,"NE","BUF",18,"2025-01-05","REG",3,3
"2024_18_BUF_NE",87,"(14:20) (Shotgun) 11-M.Trubisky pass incomplete short left to 13-M.Hollins (28-A.Austin).",3,"14:20",2,8,68,"pass",0,"BUF","NE",-4,0.668571293354034,0.331428706645966,0.011933833360672,-0.0311465561389923,"NE","BUF",18,"2025-01-05","REG",3,3
"2024_18_BUF_NE",88,"(14:13) (Shotgun) 11-M.Trubisky pass deep right to 0-K.Coleman pushed ob at NE 48 for 20 yards (27-M.Dial; 41-B.Schooler).",3,"14:13",3,8,68,"pass",20,"BUF","NE",-4,0.699717849493027,0.300282150506973,0.0311465561389923,0.0906755030155182,"NE","BUF",18,"2025-01-05","REG",3,3
"2024_18_BUF_NE",89,"(13:38) 22-R.Davis left end pushed ob at NE 48 for no gain (53-C.Elliss).",3,"13:38",1,10,48,"run",0,"BUF","NE",-4,0.609042346477509,0.390957653522491,-0.0906755030155182,-0.0184330940246582,"NE","BUF",18,"2025-01-05","REG",3,3
"2024_18_BUF_NE",90,"(13:00) (Shotgun) 11-M.Trubisky pass short left to 85-Q.Morris to NE 40 for 8 yards (21-J.Hawkins).",3,"13:00",2,10,48,"pass",8,"BUF","NE",-4,0.627475440502167,0.372524559497833,0.0184330940246582,0.0236265659332275,"NE","BUF",18,"2025-01-05","REG",3,3
"2024_18_BUF_NE",91,"(12:38) (No Huddle, Shotgun) 11-M.Trubisky pass short right to 85-Q.Morris to NE 35 for 5 yards (53-C.Elliss; 41-B.Schooler).",3,"12:38",3,2,40,"pass",5,"BUF","NE",-4,0.603848874568939,0.396151125431061,-0.0236265659332275,0.0395259261131287,"NE","BUF",18,"2025-01-05","REG",3,3
"2024_18_BUF_NE",92,"(12:05) 22-R.Davis right end to NE 35 for no gain (27-M.Dial).",3,"12:05",1,10,35,"run",0,"BUF","NE",-4,0.56432294845581,0.435677051544189,-0.0395259261131287,-0.0163974165916443,"NE","BUF",18,"2025-01-05","REG",3,3
"2024_18_BUF_NE",93,"(11:24) (Shotgun) 11-M.Trubisky pass incomplete short right [48-J.Tavai].",3,"11:24",2,10,35,"pass",0,"BUF","NE",-4,0.580720365047455,0.419279634952545,0.0163974165916443,-0.0406045317649841,"NE","BUF",18,"2025-01-05","REG",3,3
"2024_18_BUF_NE",94,"(11:19) (Shotgun) 11-M.Trubisky pass incomplete deep left to 0-K.Coleman.",3,"11:19",3,10,35,"pass",0,"BUF","NE",-4,0.621324896812439,0.378675103187561,0.0406045317649841,-0.0406192243099213,"NE","BUF",18,"2025-01-05","REG",3,3
"2024_18_BUF_NE",95,"(11:14) 8-S.Martin punts 29 yards to NE 6, impetus ends at NE 1, Center-69-R.Ferguson, downed by BUF-69-R.Ferguson.",3,"11:14",4,10,35,"punt",0,"BUF","NE",-4,0.66194412112236,0.33805587887764,0.0406192243099213,-0.0370412170886993,"NE","BUF",18,"2025-01-05","REG",3,3
"2024_18_BUF_NE",96,"(11:03) 68-L.Smith reported in as eligible. 4-A.Gibson right end pushed ob at NE 21 for 15 yards (3-D.Hamlin).",3,"11:03",1,10,94,"run",15,"NE","BUF",4,0.69898533821106,0.30101466178894,0.0370412170886993,0.0064091682434082,"NE","BUF",18,"2025-01-05","REG",3,3
"2024_18_BUF_NE",97,"(10:22) 19-J.Milton FUMBLES (Aborted) at NE 17, RECOVERED by BUF-56-J.Solomon at NE 16.",3,"10:22",1,10,79,"run",0,"NE","BUF",4,0.705394506454468,0.294605493545532,0.0064091682434082,-0.186377018690109,"NE","BUF",18,"2025-01-05","REG",3,3
"2024_18_BUF_NE",98,"(10:17) 22-R.Davis right guard to NE 12 for 4 yards (95-D.Ekuale; 53-C.Elliss).",3,"10:17",1,10,16,"run",4,"BUF","NE",-4,0.519017487764359,0.480982512235641,-0.186377018690109,0.0103715062141418,"NE","BUF",18,"2025-01-05","REG",3,3
"2024_18_BUF_NE",99,"(9:36) (Shotgun) 22-R.Davis up the middle to NE 7 for 5 yards (53-C.Elliss).",3,"09:36",2,6,12,"run",5,"BUF","NE",-4,0.508645981550217,0.491354018449783,-0.0103715062141418,0.00768366456031799,"NE","BUF",18,"2025-01-05","REG",3,3
"2024_18_BUF_NE",100,"(9:15) (No Huddle, Shotgun) 11-M.Trubisky right tackle to NE 3 for 4 yards (53-C.Elliss).",3,"09:15",3,1,7,"run",4,"BUF","NE",-4,0.500962316989899,0.499037683010101,-0.00768366456031799,0.0302256941795349,"NE","BUF",18,"2025-01-05","REG",3,3
"2024_18_BUF_NE",101,"(8:37) 4-J.Cook right guard to NE 1 for 2 yards (96-E.Johnson; 21-J.Hawkins).",3,"08:37",1,3,3,"run",2,"BUF","NE",-4,0.470736622810364,0.529263377189636,-0.0302256941795349,0.0167421102523804,"NE","BUF",18,"2025-01-05","REG",3,3
"2024_18_BUF_NE",102,"(7:59) 4-J.Cook up the middle for 1 yard, TOUCHDOWN.",3,"07:59",2,1,1,"run",1,"BUF","NE",-4,0.453994512557983,0.546005487442017,-0.0167421102523804,0.0217401227953564,"NE","BUF",18,"2025-01-05","REG",3,3
"2024_18_BUF_NE",103,"2-T.Bass extra point is No Good, Wide Right, Center-69-R.Ferguson, Holder-8-S.Martin.",3,"07:56",NA,0,15,"extra_point",0,"BUF","NE",2,0.432254389762627,0.567745610237373,-0.0217401227953564,-0.05900444006945,"NE","BUF",18,"2025-01-05","REG",3,3
"2024_18_BUF_NE",104,"2-T.Bass kicks 58 yards from BUF 35 to NE 7. 14-A.Erickson to NE 23 for 16 yards (44-J.Andreessen; 5-K.Elam).",3,"07:56",NA,0,35,"kickoff",0,"NE","BUF",-2,0.491258829832077,0.508741170167923,0.05900444006945,-0.00186482071876526,"NE","BUF",18,"2025-01-05","REG",3,3
"2024_18_BUF_NE",105,"(7:50) (Shotgun) 19-J.Milton pass short left to 9-K.Boutte pushed ob at NE 33 for 10 yards (29-B.Codrington).",3,"07:50",1,10,77,"pass",10,"NE","BUF",-2,0.489394009113312,0.510605990886688,-0.00186482071876526,0.0148982405662537,"NE","BUF",18,"2025-01-05","REG",3,3
"2024_18_BUF_NE",106,"(7:18) (Shotgun) 19-J.Milton pass short right to 81-A.Hooper to NE 46 for 13 yards (5-K.Elam). PENALTY on NE-70-C.Wallace, Ineligible Downfield Pass, 5 yards, enforced at NE 33 - No Play.",3,"07:18",1,10,67,"no_play",0,"NE","BUF",-2,0.504292249679565,0.495707750320435,0.0148982405662537,-0.0253202617168427,"NE","BUF",18,"2025-01-05","REG",3,3
"2024_18_BUF_NE",107,"(6:51) (Shotgun) 19-J.Milton pass short right to 81-A.Hooper to NE 31 for 3 yards (42-Do.Williams, 44-J.Andreessen).",3,"06:51",1,15,72,"pass",3,"NE","BUF",-2,0.478971987962723,0.521028012037277,-0.0253202617168427,-0.0210371911525726,"NE","BUF",18,"2025-01-05","REG",3,3
"2024_18_BUF_NE",108,"(6:18) (Shotgun) 19-J.Milton pass incomplete deep right to 9-K.Boutte. PENALTY on BUF-94-D.Smoot, Defensive Offside, 5 yards, enforced at NE 31 - No Play.",3,"06:18",2,12,69,"no_play",0,"NE","BUF",-2,0.45793479681015,0.54206520318985,-0.0210371911525726,0.043779194355011,"NE","BUF",18,"2025-01-05","REG",3,3
"2024_18_BUF_NE",109,"(6:12) (Shotgun) 19-J.Milton pass short right to 6-J.Baker to NE 48 for 12 yards (3-D.Hamlin).",3,"06:12",2,7,64,"pass",12,"NE","BUF",-2,0.501713991165161,0.498286008834839,0.043779194355011,0.0238499045372009,"NE","BUF",18,"2025-01-05","REG",3,3
"2024_18_BUF_NE",110,"(5:37) (Shotgun) 19-J.Milton pass incomplete short right to 81-A.Hooper (48-E.Ulofoshio).",3,"05:37",1,10,52,"pass",0,"NE","BUF",-2,0.525563895702362,0.474436104297638,0.0238499045372009,-0.0223207473754883,"NE","BUF",18,"2025-01-05","REG",3,3
"2024_18_BUF_NE",111,"(5:32) (Shotgun) 26-T.Jennings up the middle to NE 49 for 1 yard (56-J.Solomon, 99-C.Toohill).",3,"05:32",2,10,52,"run",1,"NE","BUF",-2,0.503243148326874,0.496756851673126,-0.0223207473754883,-0.0380015671253204,"NE","BUF",18,"2025-01-05","REG",3,3
"2024_18_BUF_NE",112,"(4:51) (Shotgun) 19-J.Milton scrambles up the middle to BUF 42 for 9 yards (44-J.Andreessen). Buffalo challenged the first down ruling, and the play was Upheld. The ruling on the field stands. (Timeout #1.)",3,"04:51",3,9,51,"run",9,"NE","BUF",-2,0.465241581201553,0.534758418798447,-0.0380015671253204,0.103382676839828,"NE","BUF",18,"2025-01-05","REG",3,2
"2024_18_BUF_NE",113,"(4:10) (Shotgun) 19-J.Milton scrambles up the middle to BUF 38 for 4 yards (44-J.Andreessen; 46-J.Ingram).",3,"04:10",1,10,42,"run",4,"NE","BUF",-2,0.568624258041382,0.431375741958618,0.103382676839828,0.0169796943664551,"NE","BUF",18,"2025-01-05","REG",3,2
"2024_18_BUF_NE",114,"(3:37) 19-J.Milton pass short left to 3-D.Douglas to BUF 23 for 15 yards (46-J.Ingram).",3,"03:37",2,6,38,"pass",15,"NE","BUF",-2,0.585603952407837,0.414396047592163,0.0169796943664551,0.0413695573806763,"NE","BUF",18,"2025-01-05","REG",3,2
"2024_18_BUF_NE",115,"(2:59) (Shotgun) 19-J.Milton pass short left to 9-K.Boutte ran ob at BUF 19 for 4 yards (29-B.Codrington).",3,"02:59",1,10,23,"pass",4,"NE","BUF",-2,0.626973509788513,0.373026490211487,0.0413695573806763,-0.00746423006057739,"NE","BUF",18,"2025-01-05","REG",3,2
"2024_18_BUF_NE",116,"(2:23) (Shotgun) 19-J.Milton pass short right to 3-D.Douglas ran ob at BUF 12 for 7 yards. PENALTY on NE-70-C.Wallace, Offensive Holding, 10 yards, enforced at BUF 19 - No Play.",3,"02:23",2,6,19,"no_play",0,"NE","BUF",-2,0.619509279727936,0.380490720272064,-0.00746423006057739,-0.0395935773849487,"NE","BUF",18,"2025-01-05","REG",3,2
"2024_18_BUF_NE",117,"(1:56) (Shotgun) 19-J.Milton pass incomplete deep left to 26-T.Jennings (24-C.Bishop).",3,"01:56",2,16,29,"pass",0,"NE","BUF",-2,0.579915702342987,0.420084297657013,-0.0395935773849487,-0.0511971116065979,"NE","BUF",18,"2025-01-05","REG",3,2
"2024_18_BUF_NE",118,"Timeout #1 by NE at 01:47.",3,"01:47",NA,0,NA,"no_play",0,NA,NA,NA,0.528718590736389,0.471281409263611,-0.0511971116065979,0,"NE","BUF",18,"2025-01-05","REG",2,2
"2024_18_BUF_NE",119,"(1:47) (Shotgun) 19-J.Milton pass short right to 81-A.Hooper to BUF 23 for 6 yards (44-J.Andreessen).",3,"01:47",3,16,29,"pass",6,"NE","BUF",-2,0.528718590736389,0.471281409263611,0,-0.0102497339248657,"NE","BUF",18,"2025-01-05","REG",2,2
"2024_18_BUF_NE",120,"(1:04) 13-J.Slye 41 yard field goal is GOOD, Center-49-J.Cardona, Holder-17-B.Baringer.",3,"01:04",4,10,23,"field_goal",0,"NE","BUF",-2,0.518468856811523,0.481531143188477,-0.0102497339248657,0.0255758166313171,"NE","BUF",18,"2025-01-05","REG",2,2
"2024_18_BUF_NE",121,"13-J.Slye kicks 65 yards from NE 35 to end zone, Touchback to the BUF 30.",3,"01:00",NA,0,35,"kickoff",0,"BUF","NE",-1,0.544044673442841,0.455955326557159,0.0255758166313171,0.00595209002494812,"NE","BUF",18,"2025-01-05","REG",2,2
"2024_18_BUF_NE",122,"(1:00) BUF 14-M.White in at QB. (Shotgun) 22-R.Davis up the middle to BUF 32 for 2 yards (95-D.Ekuale, 21-J.Hawkins). PENALTY on BUF, Illegal Shift, 5 yards, enforced at BUF 30 - No Play.",3,"01:00",1,10,70,"no_play",0,"BUF","NE",-1,0.538092583417892,0.461907416582108,-0.00595209002494812,-0.021895170211792,"NE","BUF",18,"2025-01-05","REG",2,2
"2024_18_BUF_NE",123,"(:36) (Shotgun) 22-R.Davis up the middle to BUF 28 for 3 yards (95-D.Ekuale, 33-A.Jennings).",3,"00:36",1,15,75,"run",3,"BUF","NE",-1,0.559987753629684,0.440012246370316,0.021895170211792,-0.0238949358463287,"NE","BUF",18,"2025-01-05","REG",2,2
"2024_18_BUF_NE",124,"END QUARTER 3",3,"00:00",NA,0,NA,NA,NA,"BUF","NE",-1,0.583882689476013,0.416117310523987,0.0238949358463287,0,"NE","BUF",18,"2025-01-05","REG",2,2
"2024_18_BUF_NE",125,"(15:00) (Shotgun) PENALTY on BUF-0-K.Coleman, False Start, 5 yards, enforced at BUF 28 - No Play.",4,"15:00",2,12,72,"no_play",0,"BUF","NE",-1,0.583882689476013,0.416117310523987,0,-0.00492724776268005,"NE","BUF",18,"2025-01-05","REG",2,2
"2024_18_BUF_NE",126,"(15:00) (Shotgun) 14-M.White pass incomplete short middle to 85-Q.Morris.",4,"15:00",2,17,77,"pass",0,"BUF","NE",-1,0.588809937238693,0.411190062761307,0.00492724776268005,-0.0344850122928619,"NE","BUF",18,"2025-01-05","REG",2,2
"2024_18_BUF_NE",127,"(14:56) (Shotgun) 14-M.White pass short left to 1-C.Samuel to BUF 37 for 14 yards (35-M.Battle).",4,"14:56",3,17,77,"pass",14,"BUF","NE",-1,0.623294949531555,0.376705050468445,0.0344850122928619,0.0240618884563446,"NE","BUF",18,"2025-01-05","REG",2,2
"2024_18_BUF_NE",128,"(14:14) 8-S.Martin punts 42 yards to NE 21, Center-69-R.Ferguson. 14-A.Erickson to NE 21 for no gain (26-Ty.Johnson).",4,"14:14",4,3,63,"punt",0,"BUF","NE",-1,0.599233061075211,0.400766938924789,-0.0240618884563446,-0.0406948029994965,"NE","BUF",18,"2025-01-05","REG",2,2
"2024_18_BUF_NE",129,"(14:02) (Shotgun) 4-A.Gibson left end to NE 26 for 5 yards (24-C.Bishop; 56-J.Solomon).",4,"14:02",1,10,79,"run",5,"NE","BUF",1,0.639927864074707,0.360072135925293,0.0406948029994965,-0.0100752711296082,"NE","BUF",18,"2025-01-05","REG",2,2
"2024_18_BUF_NE",130,"(13:28) (Shotgun) 19-J.Milton pass short right to 4-A.Gibson to NE 31 for 5 yards (44-J.Andreessen; 29-B.Codrington).",4,"13:28",2,5,74,"pass",5,"NE","BUF",1,0.629852592945099,0.370147407054901,-0.0100752711296082,0.0253890156745911,"NE","BUF",18,"2025-01-05","REG",2,2
"2024_18_BUF_NE",131,"(12:49) 4-A.Gibson left guard to NE 40 for 9 yards (3-D.Hamlin).",4,"12:49",1,10,69,"run",9,"NE","BUF",1,0.65524160861969,0.34475839138031,0.0253890156745911,0.0442390441894531,"NE","BUF",18,"2025-01-05","REG",2,2
"2024_18_BUF_NE",132,"(12:22) (Shotgun) 19-J.Milton pass short right to 9-K.Boutte to NE 47 for 7 yards (29-B.Codrington).",4,"12:22",2,1,60,"pass",7,"NE","BUF",1,0.699480652809143,0.300519347190857,0.0442390441894531,-0.0101947784423828,"NE","BUF",18,"2025-01-05","REG",2,2
"2024_18_BUF_NE",133,"(11:52) (Shotgun) 4-A.Gibson left guard to BUF 49 for 4 yards (44-J.Andreessen; 5-K.Elam).",4,"11:52",1,10,53,"run",4,"NE","BUF",1,0.68928587436676,0.31071412563324,-0.0101947784423828,0.00216448307037354,"NE","BUF",18,"2025-01-05","REG",2,2
"2024_18_BUF_NE",134,"(11:16) (Shotgun) 19-J.Milton pass deep middle to 88-J.Bell to BUF 30 for 19 yards (24-C.Bishop).",4,"11:16",2,6,49,"pass",19,"NE","BUF",1,0.691450357437134,0.308549642562866,0.00216448307037354,0.0334603786468506,"NE","BUF",18,"2025-01-05","REG",2,2
"2024_18_BUF_NE",135,"(10:42) (Shotgun) 19-J.Milton pass short middle to 9-K.Boutte to BUF 9 for 21 yards (48-E.Ulofoshio).",4,"10:42",1,10,30,"pass",21,"NE","BUF",1,0.724910736083984,0.275089263916016,0.0334603786468506,0.0624826550483704,"NE","BUF",18,"2025-01-05","REG",2,2
"2024_18_BUF_NE",136,"(9:58) (Shotgun) 26-T.Jennings left guard to BUF 9 for no gain (99-C.Toohill; 71-Q.Jefferson).",4,"09:58",1,9,9,"run",0,"NE","BUF",1,0.787393391132355,0.212606608867645,0.0624826550483704,-0.0161880254745483,"NE","BUF",18,"2025-01-05","REG",2,2
"2024_18_BUF_NE",137,"(9:19) (Shotgun) 19-J.Milton pass incomplete short right [90-D.Carter]. PENALTY on NE-19-J.Milton, Intentional Grounding, 15 yards, enforced at BUF 9.",4,"09:19",2,9,9,"pass",0,"NE","BUF",1,0.771205365657806,0.228794634342194,-0.0161880254745483,-0.0625327229499817,"NE","BUF",18,"2025-01-05","REG",2,2
"2024_18_BUF_NE",138,"(9:12) (Shotgun) 19-J.Milton pass deep left to 3-D.Douglas for 24 yards, TOUCHDOWN NULLIFIED by Penalty. PENALTY on NE-70-C.Wallace, Offensive Holding, 10 yards, enforced at BUF 24 - No Play. The Replay Official reviewed the pass completion ruling, and the play was REVERSED. (Shotgun) 19-J.Milton pass incomplete deep left to 3-D.Douglas. Penalty on NE-70-C.Wallace, Offensive Holding, declined.",4,"09:12",3,24,24,"pass",0,"NE","BUF",1,0.708672642707825,0.291327357292175,-0.0625327229499817,-0.0530531406402588,"NE","BUF",18,"2025-01-05","REG",2,2
"2024_18_BUF_NE",139,"(8:58) 13-J.Slye 42 yard field goal is GOOD, Center-49-J.Cardona, Holder-17-B.Baringer.",4,"08:58",4,24,24,"field_goal",0,"NE","BUF",1,0.655619502067566,0.344380497932434,-0.0530531406402588,0.0416710078716278,"NE","BUF",18,"2025-01-05","REG",2,2
"2024_18_BUF_NE",140,"13-J.Slye kicks 63 yards from NE 35 to BUF 2. 29-B.Codrington to BUF 34 for 32 yards (97-T.Leo).",4,"08:53",NA,0,35,"kickoff",0,"BUF","NE",-4,0.697290509939194,0.302709490060806,0.0416710078716278,0.0103766620159149,"NE","BUF",18,"2025-01-05","REG",2,2
"2024_18_BUF_NE",141,"(8:46) (Shotgun) 22-R.Davis left guard to BUF 39 for 5 yards (33-A.Jennings).",4,"08:46",1,10,66,"run",5,"BUF","NE",-4,0.686913847923279,0.313086152076721,-0.0103766620159149,-0.0112268626689911,"NE","BUF",18,"2025-01-05","REG",2,2
"2024_18_BUF_NE",142,"(8:10) 22-R.Davis right tackle to BUF 37 for -2 yards (97-T.Leo).",4,"08:10",2,5,61,"run",-2,"BUF","NE",-4,0.69814071059227,0.30185928940773,0.0112268626689911,-0.0335769653320312,"NE","BUF",18,"2025-01-05","REG",2,2
"2024_18_BUF_NE",143,"(7:27) (Shotgun) 14-M.White pass short right to 1-C.Samuel to BUF 48 for 11 yards (35-M.Battle).",4,"07:27",3,7,63,"pass",11,"BUF","NE",-4,0.731717675924301,0.268282324075699,0.0335769653320312,0.0955662727355957,"NE","BUF",18,"2025-01-05","REG",2,2
"2024_18_BUF_NE",144,"Timeout #2 by NE at 06:51.",4,"06:51",NA,0,NA,"no_play",0,NA,NA,NA,0.636151403188705,0.363848596811295,-0.0955662727355957,0,"NE","BUF",18,"2025-01-05","REG",1,2
"2024_18_BUF_NE",145,"(6:51) (Shotgun) 22-R.Davis left end to NE 49 for 3 yards (48-J.Tavai; 96-E.Johnson).",4,"06:51",1,10,52,"run",3,"BUF","NE",-4,0.636151403188705,0.363848596811295,0,-0.0216101706027985,"NE","BUF",18,"2025-01-05","REG",1,2
"2024_18_BUF_NE",146,"(6:12) 22-R.Davis right tackle to NE 47 for 2 yards (16-S.Takitaki).",4,"06:12",2,7,49,"run",2,"BUF","NE",-4,0.657761573791504,0.342238426208496,0.0216101706027985,-0.0382010936737061,"NE","BUF",18,"2025-01-05","REG",1,2
"2024_18_BUF_NE",147,"(5:29) (Shotgun) 14-M.White pass incomplete short right to 0-K.Coleman (35-M.Battle).",4,"05:29",3,5,47,"pass",0,"BUF","NE",-4,0.69596266746521,0.30403733253479,0.0382010936737061,-0.0737162679433823,"NE","BUF",18,"2025-01-05","REG",1,2
"2024_18_BUF_NE",148,"(5:25) (Shotgun) 14-M.White pass short right to 1-C.Samuel to NE 44 for 3 yards (29-I.Bolden; 53-C.Elliss).",4,"05:25",4,5,47,"pass",3,"BUF","NE",-4,0.769678935408592,0.230321064591408,0.0737162679433823,-0.0587208420038223,"NE","BUF",18,"2025-01-05","REG",1,2
"2024_18_BUF_NE",149,"(5:16) (Shotgun) 19-J.Milton pass incomplete deep left to 4-A.Gibson.",4,"05:16",1,10,56,"pass",0,"NE","BUF",4,0.828399777412415,0.171600222587585,0.0587208420038223,-0.0163942575454712,"NE","BUF",18,"2025-01-05","REG",1,2
"2024_18_BUF_NE",150,"(5:10) (Shotgun) 26-T.Jennings left tackle to NE 46 for 2 yards (56-J.Solomon; 90-D.Carter).",4,"05:10",2,10,56,"run",2,"NE","BUF",4,0.812005519866943,0.187994480133057,-0.0163942575454712,-0.0311687588691711,"NE","BUF",18,"2025-01-05","REG",1,2
"2024_18_BUF_NE",151,"(4:32) (Shotgun) 19-J.Milton pass incomplete deep right to 4-A.Gibson [44-J.Andreessen].",4,"04:32",3,8,54,"pass",0,"NE","BUF",4,0.780836760997772,0.219163239002228,-0.0311687588691711,-0.0469483137130737,"NE","BUF",18,"2025-01-05","REG",1,2
"2024_18_BUF_NE",152,"(4:24) 17-B.Baringer punts 39 yards to BUF 15, Center-49-J.Cardona, fair catch by 29-B.Codrington.",4,"04:24",4,8,54,"punt",0,"NE","BUF",4,0.733888447284698,0.266111552715302,-0.0469483137130737,0.0185288786888123,"NE","BUF",18,"2025-01-05","REG",1,2
"2024_18_BUF_NE",153,"(4:18) 22-R.Davis up the middle to BUF 18 for 3 yards (95-D.Ekuale; 53-C.Elliss).",4,"04:18",1,10,85,"run",3,"BUF","NE",-4,0.752417325973511,0.247582674026489,0.0185288786888123,-0.0238838791847229,"NE","BUF",18,"2025-01-05","REG",1,2
"2024_18_BUF_NE",154,"(3:37) (Shotgun) 14-M.White pass incomplete short left to 22-R.Davis (97-T.Leo).",4,"03:37",2,7,82,"pass",0,"BUF","NE",-4,0.776301205158234,0.223698794841766,0.0238838791847229,-0.0237454175949097,"NE","BUF",18,"2025-01-05","REG",1,2
"2024_18_BUF_NE",155,"(3:32) (Shotgun) 14-M.White pass incomplete short right to 1-C.Samuel (24-D.Pettus).",4,"03:32",3,7,82,"pass",0,"BUF","NE",-4,0.800046622753143,0.199953377246857,0.0237454175949097,-0.0594826340675354,"NE","BUF",18,"2025-01-05","REG",1,2
"2024_18_BUF_NE",156,"(3:26) 8-S.Martin punts 53 yards to NE 29, Center-69-R.Ferguson. 14-A.Erickson ran ob at BUF 45 for 26 yards (26-Ty.Johnson).",4,"03:26",4,7,82,"punt",0,"BUF","NE",-4,0.859529256820679,0.140470743179321,0.0594826340675354,0.00838404893875122,"NE","BUF",18,"2025-01-05","REG",1,2
"2024_18_BUF_NE",157,"(3:14) (Shotgun) 26-T.Jennings right end to BUF 38 for 7 yards (90-D.Carter, 24-C.Bishop).",4,"03:14",1,10,45,"run",7,"NE","BUF",4,0.851145207881927,0.148854792118073,-0.00838404893875122,0.0283744931221008,"NE","BUF",18,"2025-01-05","REG",1,2
"2024_18_BUF_NE",158,"Timeout #2 by BUF at 03:08.",4,"03:08",NA,0,NA,"no_play",0,NA,NA,NA,0.879519701004028,0.120480298995972,0.0283744931221008,0,"NE","BUF",18,"2025-01-05","REG",1,1
"2024_18_BUF_NE",159,"(3:08) (Shotgun) 19-J.Milton right end ran ob at BUF 34 for 4 yards (56-J.Solomon).",4,"03:08",2,3,38,"run",4,"NE","BUF",4,0.879519701004028,0.120480298995972,0,-0.0130037069320679,"NE","BUF",18,"2025-01-05","REG",1,1
"2024_18_BUF_NE",160,"(3:03) (Shotgun) 26-T.Jennings up the middle to BUF 32 for 2 yards (3-D.Hamlin; 99-C.Toohill).",4,"03:03",1,10,34,"run",2,"NE","BUF",4,0.86651599407196,0.13348400592804,-0.0130037069320679,0.0209223031997681,"NE","BUF",18,"2025-01-05","REG",1,1
"2024_18_BUF_NE",161,"Timeout #3 by BUF at 02:58.",4,"02:58",NA,0,NA,"no_play",0,NA,NA,NA,0.887438297271729,0.112561702728271,0.0209223031997681,0,"NE","BUF",18,"2025-01-05","REG",1,0
"2024_18_BUF_NE",162,"(2:58) (Shotgun) 26-T.Jennings left tackle to BUF 32 for no gain (44-J.Andreessen).",4,"02:58",2,8,32,"run",0,"NE","BUF",4,0.887438297271729,0.112561702728271,0,0.0200563073158264,"NE","BUF",18,"2025-01-05","REG",1,0
"2024_18_BUF_NE",163,"(2:14) (Shotgun) 26-T.Jennings right tackle to BUF 31 for 1 yard (99-C.Toohill; 46-J.Ingram).",4,"02:14",3,8,32,"run",1,"NE","BUF",4,0.907494604587555,0.0925053954124451,0.0200563073158264,-0.00912249088287354,"NE","BUF",18,"2025-01-05","REG",1,0
"2024_18_BUF_NE",164,"(2:00) 13-J.Slye 50 yard field goal is GOOD, Center-49-J.Cardona, Holder-17-B.Baringer.",4,"02:00",4,7,31,"field_goal",0,"NE","BUF",4,0.898372113704681,0.101627886295319,-0.00912249088287354,0.0118255913257599,"NE","BUF",18,"2025-01-05","REG",1,0
"2024_18_BUF_NE",165,"13-J.Slye kicks 66 yards from NE 35 to BUF -1. 29-B.Codrington to BUF 29 for 30 yards (97-T.Leo).",4,"01:55",NA,0,35,"kickoff",0,"BUF","NE",-7,0.910197705030441,0.0898022949695587,0.0118255913257599,0.00187412649393082,"NE","BUF",18,"2025-01-05","REG",1,0
"2024_18_BUF_NE",166,"(1:47) (Shotgun) 14-M.White pass incomplete deep right to 0-K.Coleman (35-M.Battle).",4,"01:47",1,10,71,"pass",0,"BUF","NE",-7,0.90832357853651,0.0916764214634895,-0.00187412649393082,-0.0137053653597832,"NE","BUF",18,"2025-01-05","REG",1,0
"2024_18_BUF_NE",167,"(1:42) (Shotgun) 14-M.White pass incomplete short left to 0-K.Coleman.",4,"01:42",2,10,71,"pass",0,"BUF","NE",-7,0.922028943896294,0.0779710561037064,0.0137053653597832,-0.000536508858203888,"NE","BUF",18,"2025-01-05","REG",1,0
"2024_18_BUF_NE",168,"(1:38) (Shotgun) 14-M.White pass incomplete deep right to 0-K.Coleman (35-M.Battle).",4,"01:38",3,10,71,"pass",0,"BUF","NE",-7,0.922565452754498,0.0774345472455025,0.000536508858203888,-0.023847408592701,"NE","BUF",18,"2025-01-05","REG",1,0
"2024_18_BUF_NE",169,"(1:31) (Shotgun) 14-M.White pass incomplete short right to 0-K.Coleman (33-A.Jennings) [33-A.Jennings].",4,"01:31",4,10,71,"pass",0,"BUF","NE",-7,0.946412861347198,0.0535871386528015,0.023847408592701,-0.0471225380897522,"NE","BUF",18,"2025-01-05","REG",1,0
"2024_18_BUF_NE",170,"(1:26) 19-J.Milton kneels to BUF 30 for -1 yards.",4,"01:26",1,10,29,"qb_kneel",-1,"NE","BUF",7,0.993535399436951,0.00646460056304932,0.0471225380897522,NA,"NE","BUF",18,"2025-01-05","REG",1,0
"2024_18_BUF_NE",171,"(:47) 19-J.Milton kneels to BUF 31 for -1 yards.",4,"00:47",2,11,30,"qb_kneel",-1,"NE","BUF",7,0.992838323116302,0.00716167688369751,-0.000697076320648193,NA,"NE","BUF",18,"2025-01-05","REG",1,0
"2024_18_BUF_NE",172,"(:31) 19-J.Milton kneels to BUF 32 for -1 yards.",4,"00:31",3,12,31,"qb_kneel",-1,"NE","BUF",7,0.99236661195755,0.00763338804244995,-0.000471711158752441,NA,"NE","BUF",18,"2025-01-05","REG",1,0
"2024_18_BUF_NE",173,"END GAME",4,"00:00",NA,0,NA,NA,NA,"NE","BUF",7,1,0,0.00763338804244995,NA,"NE","BUF",18,"2025-01-05","REG",1,0
